Timestamp;SensorType;LC_Activity;Active;Sensor_Added;SensorActivationTime;Duration;LC;room;room_major;Case;Cluster;Routine;Date
2007-10-25 18:34:29.754821;M;24;1.0;24;9.672721000000001;1.981165;s;hallway_downstairs;hallway_downstairs;1;8;None;2007-10-25
2007-10-25 18:38:26.121548;M;18;1.0;18;3.5949850000000003;5.492465;s;kitchen;kitchen;3;4;None;2007-10-25
2007-10-25 18:40:17.703349;M;5;1.0;5;1.709516;22.141126;s;living_room;living_room;4;6;None;2007-10-25
2007-10-25 18:42:24.070823;M;6;1.0;6;5.579123;10.298771;s;living_room;living_room;5;2;None;2007-10-25
2007-10-25 18:44:14.506362;M;6;1.0;6;1.0196960000000002;15.600733000000002;s;living_room;living_room;6;6;None;2007-10-25
2007-10-25 18:46:07.522594;M;5;1.0;5;1.0437100000000001;23.970309;s;living_room;living_room;7;2;None;2007-10-25
2007-10-25 18:48:20.029821;M;5;1.0;5;2.4466780000000004;29.370882;s;living_room;living_room;8;6;None;2007-10-25
2007-10-25 18:50:27.903107;M;5;1.0;5;6.536384;2.247497;s;living_room;living_room;9;2;None;2007-10-25
2007-10-25 18:52:24.324412;M;5;1.0;5;1.753506;6.746824;s;living_room;living_room;10;6;None;2007-10-25
2007-10-25 18:54:23.387684;M;5;1.0;5;2.091421;106.73717400000001;s;living_room;living_room;11;14;None;2007-10-25
2007-10-25 18:56:10.124858;M;5;1.0;5;1.004721;82.86128400000001;s;living_room;living_room;12;10;None;2007-10-25
2007-10-25 18:58:10.925955;M;5;1.0;5;1.631558;28.320592;s;living_room;living_room;13;2;None;2007-10-25
2007-10-25 19:02:29.694499;M;5;1.0;5;2.2383960000000003;2.4783280000000003;s;living_room;living_room;15;6;None;2007-10-25
2007-10-25 19:04:19.713583;M;5;1.0;5;1.048049;58.068249;s;living_room;living_room;16;10;None;2007-10-25
2007-10-25 19:06:22.025604;M;5;1.0;5;1.862964;9.94149;s;living_room;living_room;17;6;None;2007-10-25
2007-10-25 19:07:15.693646;M;5;1.0;5;2.325451;549.7196;s;living_room;living_room;18;14;None;2007-10-25
2007-10-25 19:16:25.413246;M;6;1.0;6;1.993092;221.99110700000003;s;living_room;living_room;19;10;None;2007-10-25
2007-10-25 19:20:22.352876;M;6;1.0;6;2.690326;190.03701900000002;s;living_room;living_room;20;15;None;2007-10-25
2007-10-25 19:23:56.732872;M;11;1.0;11;2.855195;35.596782000000005;s;living_room;living_room;21;6;None;2007-10-25
2007-10-25 19:25:55.094909;M;5;1.0;5;1.778153;46.385356;s;living_room;living_room;22;15;None;2007-10-25
2007-10-25 19:29:54.860171;M;6;1.0;6;4.6017280000000005;39.563035;s;living_room;living_room;24;6;None;2007-10-25
2007-10-25 19:34:15.101304;M;11;1.0;11;2.341371;170.49030900000002;s;living_room;living_room;26;5;None;2007-10-25
2007-10-25 19:38:18.871453;M;6;1.0;6;5.395284;27.441026;s;living_room;living_room;27;11;None;2007-10-25
2007-10-25 19:49:49.649453;M;10;1.0;10;1.387615;55.215163000000004;s;living_room;living_room;32;10;None;2007-10-25
2007-10-25 19:54:29.650333;M;6;1.0;6;4.446761;2.527289;s;living_room;living_room;34;7;None;2007-10-25
2007-10-25 19:56:27.403255;M;6;1.0;6;2.371208;13.342892;s;living_room;living_room;35;10;None;2007-10-25
2007-10-25 19:58:28.886947;M;6;1.0;6;2.351335;4.334802000000001;s;living_room;living_room;36;14;None;2007-10-25
2007-10-25 19:58:33.221749;M;6;1.0;6;5.361259;117.47597200000001;s;living_room;living_room;37;11;None;2007-10-25
2007-10-25 20:02:06.062459;M;6;1.0;6;1.945707;51.651716;s;living_room;living_room;38;6;None;2007-10-25
2007-10-25 20:04:19.386021;M;37;1.0;37;5.299108;597.632597;s;bathroom;bathroom;39;13;None;2007-10-25
2007-10-25 20:14:29.065914;M;32;1.0;32;11.029104;6.629812;s;bedroom_south;bedroom_south;40;8;None;2007-10-25
2007-10-25 20:18:12.005006;M;17;1.0;17;3.661042;28.606279;s;kitchen;kitchen;42;4;None;2007-10-25
2007-10-25 20:22:26.744144;M;18;1.0;18;4.263454;3.351754;s;kitchen;kitchen;44;8;None;2007-10-25
2007-10-25 20:23:34.694065;M;25;1.0;25;4.242813;25358.058547;s;hallway_downstairs;hallway_downstairs;45;13;None;2007-10-25
2007-10-26 03:26:29.065994;M;27;1.0;27;5.285585;1.650551;s;hallway_upstairs;hallway_upstairs;46;12;None;2007-10-26
2007-10-26 03:31:27.052502;M;35;1.0;35;4.954414;117.91682200000001;s;bedroom_south;bedroom_south;49;13;None;2007-10-26
2007-10-26 03:35:14.067239;M;35;1.0;35;4.6493590000000005;113.098403;s;bedroom_south;bedroom_south;51;12;None;2007-10-26
2007-10-26 03:38:20.940199;M;35;1.0;35;1.878535;22.241490000000002;s;bedroom_south;bedroom_south;52;13;None;2007-10-26
2007-10-26 03:48:17.256877;M;35;1.0;35;2.16942;47.57616;s;bedroom_south;bedroom_south;55;12;None;2007-10-26
2007-10-26 03:50:02.608445;M;35;1.0;35;2.813273;236.62933800000002;s;bedroom_south;bedroom_south;56;13;None;2007-10-26
2007-10-26 03:54:05.996983;M;35;1.0;35;6.037403;30.931151000000003;s;bedroom_south;bedroom_south;57;12;None;2007-10-26
2007-10-26 04:49:36.679283;M;34;1.0;34;2.3492740000000003;2719.0836520000003;s;bedroom_south;bedroom_south;61;13;None;2007-10-26
2007-10-26 05:34:55.762935;M;35;1.0;35;1.5275770000000002;150.323292;s;bedroom_south;bedroom_south;62;12;None;2007-10-26
2007-10-26 05:59:57.449882;M;35;1.0;35;2.6332600000000004;66.94416000000001;s;bedroom_south;bedroom_south;64;13;None;2007-10-26
2007-10-26 06:02:15.943853;M;35;1.0;35;5.615849000000001;202.608728;s;bedroom_south;bedroom_south;65;12;None;2007-10-26
2007-10-26 06:07:51.466899;M;35;1.0;35;13.036818;837.972164;s;bedroom_south;bedroom_south;67;13;None;2007-10-26
2007-10-26 06:43:35.414598;M;35;1.0;35;2.6493900000000004;690.2920770000001;s;bedroom_south;bedroom_south;71;12;None;2007-10-26
2007-10-26 06:56:14.493223;M;34;1.0;34;2.012423;366.586089;s;bedroom_south;bedroom_south;72;13;None;2007-10-26
2007-10-26 07:03:01.875636;M;35;1.0;35;1.6025230000000001;1908.389419;s;bedroom_south;bedroom_south;74;12;None;2007-10-26
2007-10-26 07:50:22.808801;M;35;1.0;35;4.919952;36.674931;s;bedroom_south;bedroom_south;79;13;None;2007-10-26
2007-10-26 07:51:41.616798;M;35;1.0;35;3.335049;294.46612000000005;s;bedroom_south;bedroom_south;80;12;None;2007-10-26
2007-10-26 08:22:18.225204;M;21;1.0;21;17.917881;14.890740000000001;s;hallway_downstairs;hallway_downstairs;88;14;None;2007-10-26
2007-10-26 08:22:33.115944;M;24;1.0;24;14.12804;24004.781583;s;hallway_downstairs;hallway_downstairs;89;4;None;2007-10-26
2007-10-26 15:04:29.333946;M;8;1.0;8;2.351367;3.675361;s;living_room;living_room;90;10;None;2007-10-26
2007-10-26 15:05:12.705967;M;10;1.0;10;1.5815810000000001;164.009761;s;living_room;living_room;91;5;None;2007-10-26
2007-10-26 15:08:29.229741;M;16;1.0;16;4.825483;1.975211;s;kitchen;living_room;92;7;None;2007-10-26
2007-10-26 15:10:13.625118;M;10;1.0;10;1.497579;337.665661;s;living_room;living_room;93;10;None;2007-10-26
2007-10-26 15:16:20.722867;M;10;1.0;10;1.520588;27.393592;s;living_room;living_room;94;7;None;2007-10-26
2007-10-26 15:18:12.006816;M;10;1.0;10;3.053766;54.470105000000004;s;living_room;living_room;95;14;None;2007-10-26
2007-10-26 15:19:06.476921;M;10;1.0;10;1.8071700000000002;119.66439000000001;s;living_room;living_room;96;11;None;2007-10-26
2007-10-26 15:21:20.582961;M;10;1.0;10;1.7501650000000002;71.763076;s;living_room;living_room;97;14;None;2007-10-26
2007-10-26 15:24:25.317135;M;10;1.0;10;3.5035040000000004;58.774252000000004;s;living_room;living_room;98;7;None;2007-10-26
2007-10-26 15:26:25.930369;M;6;1.0;6;1.6865670000000001;272.609039;s;living_room;living_room;99;14;None;2007-10-26
2007-10-26 15:34:28.826324;M;10;1.0;10;2.813412;509.259379;s;living_room;living_room;101;3;None;2007-10-26
2007-10-26 15:44:03.406268;M;5;1.0;5;0.635768;77.154711;s;living_room;living_room;102;10;None;2007-10-26
2007-10-26 15:45:26.131459;M;6;1.0;6;1.9254890000000002;100.94917000000001;s;living_room;living_room;103;5;None;2007-10-26
2007-10-26 15:48:27.524498;M;10;1.0;10;1.4789100000000002;4.03346;s;living_room;living_room;104;14;None;2007-10-26
2007-10-26 15:48:31.557958;M;6;1.0;6;2.534867;523.1551400000001;s;living_room;living_room;105;7;None;2007-10-26
2007-10-26 15:58:25.600802;M;6;1.0;6;1.6327820000000002;19.607756000000002;s;living_room;living_room;106;14;None;2007-10-26
2007-10-26 16:11:53.402686;M;5;1.0;5;1.71266;97.708647;s;living_room;living_room;111;9;None;2007-10-26
2007-10-26 16:26:08.679548;M;6;1.0;6;32.830101;32.326060000000005;s;living_room;living_room;113;5;None;2007-10-26
2007-10-26 18:36:20.773524;M;6;1.0;6;15.779512;9.041438000000001;s;living_room;living_room;115;3;None;2007-10-26
2007-10-26 18:38:26.081398;M;6;1.0;6;3.3325180000000003;30.956516;s;living_room;living_room;116;7;None;2007-10-26
2007-10-26 18:42:18.325229;M;10;1.0;10;3.554974;67.605813;s;living_room;living_room;118;14;None;2007-10-26
2007-10-26 18:43:28.671236;M;10;1.0;10;1.9664510000000002;113.937335;s;living_room;living_room;119;11;None;2007-10-26
2007-10-26 18:46:01.336102;M;10;1.0;10;2.2651440000000003;259.976397;s;living_room;living_room;120;14;None;2007-10-26
2007-10-26 18:50:21.759373;M;10;1.0;10;10.627012;13.156972000000001;s;living_room;living_room;121;7;None;2007-10-26
2007-10-26 18:52:04.071394;M;6;1.0;6;2.33868;69.276404;s;living_room;living_room;122;6;None;2007-10-26
2007-10-26 18:53:26.564172;M;6;1.0;6;1.455999;158.009317;s;living_room;living_room;123;10;None;2007-10-26
2007-10-26 18:57:40.303959;M;6;1.0;6;2.3133030000000003;52.128260000000004;s;living_room;living_room;125;14;None;2007-10-26
2007-10-26 19:02:29.565337;M;10;1.0;10;1.9554740000000002;31.247329;s;living_room;living_room;127;11;None;2007-10-26
2007-10-26 19:04:23.803383;M;10;1.0;10;1.931791;10.483288;s;living_room;living_room;128;7;None;2007-10-26
2007-10-26 19:05:51.831652;M;10;1.0;10;1.2277630000000002;40.246724;s;living_room;living_room;129;11;None;2007-10-26
2007-10-26 19:08:07.582529;M;10;1.0;10;1.550562;36.760948;s;living_room;living_room;130;7;None;2007-10-26
2007-10-26 19:10:25.698642;M;10;1.0;10;1.35807;65.188573;s;living_room;living_room;131;11;None;2007-10-26
2007-10-26 19:11:53.960659;M;10;1.0;10;3.1591150000000003;46.989810000000006;s;living_room;living_room;132;14;None;2007-10-26
2007-10-26 19:13:03.128174;M;10;1.0;10;1.709532;511.13619800000004;s;living_room;living_room;133;7;None;2007-10-26
2007-10-26 19:22:08.550323;M;10;1.0;10;1.5315930000000002;54.281694;s;living_room;living_room;134;3;None;2007-10-26
2007-10-26 19:24:25.927543;M;10;1.0;10;1.3696110000000001;14.695468000000002;s;living_room;living_room;135;14;None;2007-10-26
2007-10-26 19:24:40.623011;M;10;1.0;10;1.518561;1085.101962;s;living_room;living_room;136;3;None;2007-10-26
2007-10-26 19:43:21.566916;M;6;1.0;6;2.647257;544.783147;s;living_room;living_room;137;10;None;2007-10-26
2007-10-26 19:53:42.084266;M;10;1.0;10;0.999971;302.14054000000004;s;living_room;living_room;139;14;None;2007-10-26
2007-10-26 22:48:16.115259;M;10;1.0;10;1.527579;209.788059;s;living_room;living_room;152;6;None;2007-10-26
2007-10-26 22:52:23.093891;M;6;1.0;6;2.2698080000000003;18.133543;s;living_room;living_room;153;5;None;2007-10-26
2007-10-26 22:54:28.861723;M;36;1.0;36;7.473105;3.235122;s;bedroom_south;bedroom_south;154;12;None;2007-10-26
2007-10-26 22:59:42.663814;M;34;1.0;34;1.603595;16121.328464;s;bedroom_south;bedroom_south;157;13;None;2007-10-26
2007-10-27 04:19:32.528202;M;34;1.0;34;6.502821;909.9357060000001;s;bedroom_south;bedroom_south;159;12;None;2007-10-27
2007-10-27 04:35:59.733621;M;34;1.0;34;10.431087;1242.402984;s;bedroom_south;bedroom_south;160;13;None;2007-10-27
2007-10-27 08:26:24.789935;M;34;1.0;34;2.2632000000000003;156.521321;s;bedroom_south;bedroom_south;181;12;None;2007-10-27
2007-10-27 08:30:19.275517;M;35;1.0;35;5.234568;582.840244;s;bedroom_south;bedroom_south;182;13;None;2007-10-27
2007-10-27 08:46:07.558561;M;35;1.0;35;2.973952;40.415035;s;bedroom_south;bedroom_south;184;12;None;2007-10-27
2007-10-27 08:48:21.075283;M;34;1.0;34;2.081213;100.439334;s;bedroom_south;bedroom_south;185;13;None;2007-10-27
2007-10-27 08:50:09.288561;M;35;1.0;35;5.939695;113.215017;s;bedroom_south;bedroom_south;186;12;None;2007-10-27
2007-10-27 08:52:14.085017;M;34;1.0;34;9.522792;19.724296000000002;s;bedroom_south;bedroom_south;187;8;None;2007-10-27
2007-10-27 08:58:28.743624;M;11;1.0;11;6.466025;6.294145;s;living_room;living_room;190;7;None;2007-10-27
2007-10-27 09:00:27.423371;M;9;1.0;9;0.996098;2.8112660000000003;s;living_room;living_room;191;4;None;2007-10-27
2007-10-27 09:04:25.268947;M;18;1.0;18;5.246499;24.451296000000003;s;kitchen;kitchen;193;8;None;2007-10-27
2007-10-27 09:06:27.426436;M;13;1.0;13;5.502466;6.196400000000001;s;living_room;living_room;194;9;None;2007-10-27
2007-10-27 09:12:29.010794;M;15;1.0;15;3.6724080000000003;0.9639000000000001;s;living_room;living_room;197;8;None;2007-10-27
2007-10-27 09:16:29.701171;M;22;1.0;22;2.678747;1.3051380000000001;s;hallway_downstairs;hallway_downstairs;199;5;None;2007-10-27
2007-10-27 09:18:17.794897;M;25;1.0;25;4.328842;915.4516910000001;s;hallway_downstairs;hallway_downstairs;200;9;None;2007-10-27
2007-10-27 09:34:26.342989;M;21;1.0;21;4.387256000000001;4.657703000000001;s;hallway_downstairs;hallway_downstairs;201;4;None;2007-10-27
2007-10-27 09:36:21.355355;M;18;1.0;18;22.107621;22.800684;s;kitchen;kitchen;202;8;None;2007-10-27
2007-10-27 09:44:26.186903;M;14;1.0;14;4.198910000000001;9.513774;s;living_room;living_room;206;4;None;2007-10-27
2007-10-27 09:46:27.742851;M;16;1.0;16;2.8932350000000002;6.2043680000000005;s;kitchen;kitchen;207;0;None;2007-10-27
2007-10-27 09:50:29.701094;M;14;1.0;14;1.449915;2.3025640000000003;s;living_room;living_room;209;4;None;2007-10-27
2007-10-27 09:52:28.487003;M;9;1.0;9;1.8015400000000001;1.933551;s;living_room;living_room;210;3;None;2007-10-27
2007-10-27 09:54:28.257465;M;1;1.0;1;1.448588;2.055447;s;living_room;living_room;211;4;None;2007-10-27
2007-10-27 09:56:29.443409;M;32;1.0;32;12.620628;2.177425;s;bedroom_south;bedroom_south;212;12;None;2007-10-27
2007-10-27 09:58:23.990749;M;36;1.0;36;1.537843;5.804155000000001;s;bedroom_south;bedroom_south;213;8;None;2007-10-27
2007-10-27 09:59:54.094192;M;26;1.0;26;4.98568;212372.97242600002;s;stairs;stairs;214;14;None;2007-10-27
2007-10-29 20:59:42.700274;M;10;1.0;10;3.5031410000000003;102.12759000000001;s;living_room;living_room;215;7;None;2007-10-29
2007-10-29 21:02:28.827628;M;6;1.0;6;1.783525;3.0351860000000004;s;living_room;living_room;216;11;None;2007-10-29
2007-10-29 21:03:09.010983;M;11;1.0;11;1.9583290000000002;91.82701200000001;s;living_room;living_room;217;15;None;2007-10-29
2007-10-29 21:05:53.809261;M;11;1.0;11;7.758597000000001;40.792;s;living_room;living_room;218;7;None;2007-10-29
2007-10-29 21:08:23.402494;M;10;1.0;10;1.532624;96.51931900000001;s;living_room;living_room;219;11;None;2007-10-29
2007-10-29 21:10:28.470152;M;11;1.0;11;1.03671;2.5743210000000003;s;living_room;living_room;220;15;None;2007-10-29
2007-10-29 21:13:59.367505;M;11;1.0;11;1.9432060000000002;47.211814000000004;s;living_room;living_room;222;7;None;2007-10-29
2007-10-29 21:16:21.721182;M;10;1.0;10;1.460584;16.299196000000002;s;living_room;living_room;223;5;None;2007-10-29
2007-10-29 21:18:23.057381;M;19;1.0;19;3.4356430000000002;6.999608;s;hallway_downstairs;hallway_downstairs;224;13;None;2007-10-29
2007-10-29 21:34:26.115941;M;27;1.0;27;3.951055;4.7119480000000005;s;hallway_upstairs;hallway_upstairs;226;5;None;2007-10-29
2007-10-29 21:38:24.327314;M;17;1.0;17;4.954661000000001;6.594213000000001;s;kitchen;kitchen;228;8;None;2007-10-29
2007-10-29 21:39:20.776682;M;24;1.0;24;2.91957;30070.804251;s;hallway_downstairs;hallway_downstairs;229;13;None;2007-10-29
2007-10-30 06:05:10.094546;M;34;1.0;34;5.139746000000001;136.103523;s;bedroom_south;bedroom_south;232;12;None;2007-10-30
2007-10-30 06:07:32.933226;M;34;1.0;34;5.551737;1954.067581;s;bedroom_south;bedroom_south;233;13;None;2007-10-30
2007-10-30 06:42:26.103777;M;35;1.0;35;1.027722;9.942915000000001;s;bedroom_south;bedroom_south;235;12;None;2007-10-30
2007-10-30 06:43:03.483923;M;35;1.0;35;12.863051;824.0248190000001;s;bedroom_south;bedroom_south;236;13;None;2007-10-30
2007-10-30 07:09:47.393091;M;35;1.0;35;15.023964000000001;241.106928;s;bedroom_south;bedroom_south;240;12;None;2007-10-30
2007-10-30 07:14:27.255457;M;35;1.0;35;15.533467000000002;6.471942;s;bedroom_south;bedroom_south;241;13;None;2007-10-30
2007-10-30 08:00:28.750241;M;34;1.0;34;8.805544000000001;4.6817;s;bedroom_south;bedroom_south;243;12;None;2007-10-30
2007-10-30 08:01:06.037519;M;34;1.0;34;1.8504870000000002;123.63727700000001;s;bedroom_south;bedroom_south;244;13;None;2007-10-30
2007-10-30 08:03:09.834773;M;35;1.0;35;4.103376;114.598414;s;bedroom_south;bedroom_south;245;12;None;2007-10-30
2007-10-30 08:06:05.967199;M;34;1.0;34;1.9754470000000002;236.89530000000002;s;bedroom_south;bedroom_south;246;13;None;2007-10-30
2007-10-30 08:10:12.690522;M;35;1.0;35;12.00797;24.062841000000002;s;bedroom_south;bedroom_south;247;12;None;2007-10-30
2007-10-30 08:11:16.776029;M;34;1.0;34;9.940029000000001;227.214356;s;bedroom_south;bedroom_south;248;13;None;2007-10-30
2007-10-30 08:42:28.287651;M;34;1.0;34;13.635323000000001;14.329085000000001;s;bedroom_south;bedroom_south;253;12;None;2007-10-30
2007-10-30 08:56:28.734533;M;32;1.0;32;1.014099;2.173206;s;bedroom_south;bedroom_south;257;4;None;2007-10-30
2007-10-30 09:04:27.175648;M;8;1.0;8;2.631256;2.8832950000000004;s;living_room;living_room;261;9;None;2007-10-30
2007-10-30 09:05:08.561213;M;24;1.0;24;1.053701;28352.712773000003;s;hallway_downstairs;hallway_downstairs;262;5;None;2007-10-30
2007-10-30 16:58:29.292722;M;6;1.0;6;1.049126;1.4261270000000001;s;living_room;living_room;263;7;None;2007-10-30
2007-10-30 16:59:29.963816;M;10;1.0;10;4.3551850000000005;180.963335;s;living_room;living_room;264;14;None;2007-10-30
2007-10-30 17:03:18.263286;M;6;1.0;6;4.628696000000001;161.53746600000002;s;living_room;living_room;265;15;None;2007-10-30
2007-10-30 17:07:19.465443;M;6;1.0;6;3.913046;133.165651;s;living_room;living_room;267;14;None;2007-10-30
2007-10-30 17:09:34.534744;M;10;1.0;10;2.161862;71.197815;s;living_room;living_room;268;11;None;2007-10-30
2007-10-30 17:12:27.218697;M;6;1.0;6;1.713699;86.333956;s;living_room;living_room;269;14;None;2007-10-30
2007-10-30 17:13:55.554766;M;10;1.0;10;1.9593680000000002;122.66529200000001;s;living_room;living_room;270;15;None;2007-10-30
2007-10-30 17:16:04.219114;M;10;1.0;10;0.8446750000000001;32.249385000000004;s;living_room;living_room;271;11;None;2007-10-30
2007-10-30 17:18:26.396498;M;6;1.0;6;3.4616330000000004;8.746;s;living_room;living_room;272;15;None;2007-10-30
2007-10-30 17:20:09.537975;M;6;1.0;6;1.714669;24.393489000000002;s;living_room;living_room;273;11;None;2007-10-30
2007-10-30 17:21:45.720618;M;6;1.0;6;1.6735730000000002;78.47821400000001;s;living_room;living_room;274;10;None;2007-10-30
2007-10-30 17:23:42.346819;M;6;1.0;6;2.039459;150.123009;s;living_room;living_room;275;14;None;2007-10-30
2007-10-30 17:26:12.469828;M;6;1.0;6;6.171387;33.595527000000004;s;living_room;living_room;276;3;None;2007-10-30
2007-10-30 17:28:28.678155;M;6;1.0;6;2.867201;11.157529;s;living_room;living_room;277;10;None;2007-10-30
2007-10-30 17:30:13.294142;M;11;1.0;11;2.1101460000000003;32.800957000000004;s;living_room;living_room;278;6;None;2007-10-30
2007-10-30 17:32:15.339153;M;6;1.0;6;4.300478;19.215066;s;living_room;living_room;279;3;None;2007-10-30
2007-10-30 17:34:29.558123;M;6;1.0;6;1.031731;1.9275600000000002;s;living_room;living_room;280;10;None;2007-10-30
2007-10-30 17:35:51.002273;M;10;1.0;10;2.251195;167.470969;s;living_room;living_room;281;11;None;2007-10-30
2007-10-30 17:38:54.643559;M;11;1.0;11;2.159227;245.47108400000002;s;living_room;living_room;282;7;None;2007-10-30
2007-10-30 17:44:23.204177;M;10;1.0;10;1.4896660000000002;38.275177;s;living_room;living_room;283;14;None;2007-10-30
2007-10-30 17:50:04.087969;M;10;1.0;10;4.658806;36.938439;s;living_room;living_room;285;15;None;2007-10-30
2007-10-30 17:57:15.479332;M;6;1.0;6;2.5845290000000003;144.39008;s;living_room;living_room;288;14;None;2007-10-30
2007-10-30 18:01:22.068547;M;6;1.0;6;3.036359;292.012467;s;living_room;living_room;290;15;None;2007-10-30
2007-10-30 18:06:44.360273;M;5;1.0;5;1.983535;254.07692000000003;s;living_room;living_room;292;11;None;2007-10-30
2007-10-30 18:11:03.463733;M;6;1.0;6;1.939818;241.752924;s;living_room;living_room;293;10;None;2007-10-30
2007-10-30 18:15:12.071336;M;6;1.0;6;1.9467850000000002;300.427772;s;living_room;living_room;294;9;None;2007-10-30
2007-10-30 18:20:27.237347;M;17;1.0;17;1.798334;6.856191000000001;s;kitchen;kitchen;295;3;None;2007-10-30
2007-10-30 18:24:13.082537;M;10;1.0;10;2.46503;138.399762;s;living_room;living_room;297;6;None;2007-10-30
2007-10-30 18:30:26.471181;M;6;1.0;6;1.5785850000000001;21.687397;s;living_room;living_room;299;3;None;2007-10-30
2007-10-30 18:31:48.763075;M;6;1.0;6;1.3946180000000001;237.17368900000002;s;living_room;living_room;300;14;None;2007-10-30
2007-10-30 18:42:33.694423;M;10;1.0;10;4.706980000000001;268.925334;s;living_room;living_room;302;4;None;2007-10-30
2007-10-30 18:48:26.925477;M;11;1.0;11;1.0699100000000001;23.046275;s;living_room;living_room;303;15;None;2007-10-30
2007-10-30 18:54:11.086674;M;6;1.0;6;3.851245;45.927682000000004;s;living_room;living_room;306;11;None;2007-10-30
2007-10-30 18:55:56.938262;M;11;1.0;11;2.19823;448.48099900000005;s;living_room;living_room;307;15;None;2007-10-30
2007-10-30 19:09:33.719382;M;6;1.0;6;1.031102;721.135923;s;living_room;living_room;310;14;None;2007-10-30
2007-10-30 19:21:36.918743;M;11;1.0;11;5.136629;86.13303;s;living_room;living_room;311;15;None;2007-10-30
2007-10-30 19:27:57.946805;M;10;1.0;10;8.304093;149.028996;s;living_room;living_room;314;14;None;2007-10-30
2007-10-30 19:30:28.687353;M;6;1.0;6;2.369305;1.7135410000000002;s;living_room;living_room;315;8;None;2007-10-30
2007-10-30 19:31:16.601738;M;10;1.0;10;1.5777590000000001;111.211269;s;living_room;living_room;316;7;None;2007-10-30
2007-10-30 19:34:00.363008;M;11;1.0;11;1.6468450000000001;37.66561;s;living_room;living_room;317;15;None;2007-10-30
2007-10-30 19:43:43.524775;M;6;1.0;6;1.001906;1022.9915030000001;s;living_room;living_room;320;14;None;2007-10-30
2007-10-30 20:02:06.183925;M;10;1.0;10;0.9899040000000001;106.65742;s;living_room;living_room;321;10;None;2007-10-30
2007-10-30 20:03:55.535566;M;11;1.0;11;1.684169;70.50876500000001;s;living_room;living_room;322;15;None;2007-10-30
2007-10-30 20:05:10.819609;M;10;1.0;10;3.168213;131.25459800000002;s;living_room;living_room;323;8;None;2007-10-30
2007-10-30 20:09:23.246822;M;37;1.0;37;4.487806;165.48049600000002;s;bathroom;bathroom;325;9;None;2007-10-30
2007-10-30 20:14:05.841802;M;9;1.0;9;4.96548;31.551813000000003;s;living_room;living_room;327;4;None;2007-10-30
2007-10-30 20:16:26.603053;M;17;1.0;17;4.446451000000001;15.278869;s;kitchen;kitchen;328;10;None;2007-10-30
2007-10-30 20:17:59.765185;M;10;1.0;10;3.8669520000000004;97.990148;s;living_room;living_room;329;11;None;2007-10-30
2007-10-30 20:22:23.920449;M;11;1.0;11;3.460313;11.065373000000001;s;living_room;living_room;331;15;None;2007-10-30
2007-10-30 20:38:22.401469;M;10;1.0;10;1.630748;55.822386;s;living_room;living_room;339;5;None;2007-10-30
2007-10-30 20:40:27.312074;M;9;1.0;9;2.696457;8.461394;s;living_room;living_room;340;10;None;2007-10-30
2007-10-30 20:42:08.060286;M;10;1.0;10;2.287388;372.72667800000005;s;living_room;living_room;341;14;None;2007-10-30
2007-10-30 21:05:57.205731;M;10;1.0;10;1.8934620000000002;214.722262;s;living_room;living_room;345;7;None;2007-10-30
2007-10-30 21:10:22.280708;M;6;1.0;6;1.8774680000000001;19.34252;s;living_room;living_room;346;10;None;2007-10-30
2007-10-30 21:10:50.036174;M;10;1.0;10;1.86375;3722.475221;s;living_room;living_room;347;14;None;2007-10-30
2007-10-30 22:12:52.511395;M;11;1.0;11;3.183123;142.590357;s;living_room;living_room;348;11;None;2007-10-30
2007-10-30 22:16:09.893518;M;11;1.0;11;1.8374860000000002;503.764361;s;living_room;living_room;349;15;None;2007-10-30
2007-10-30 22:24:33.657879;M;10;1.0;10;1.828486;233.35095600000002;s;living_room;living_room;350;14;None;2007-10-30
2007-10-30 22:28:27.008835;M;10;1.0;10;0.9937210000000001;12.23459;s;living_room;living_room;351;11;None;2007-10-30
2007-10-30 22:29:52.641153;M;10;1.0;10;1.7804920000000002;449.363195;s;living_room;living_room;352;9;None;2007-10-30
2007-10-30 22:40:29.432096;M;7;1.0;7;4.868105;0.424011;s;living_room;living_room;354;11;None;2007-10-30
2007-10-30 22:40:54.852143;M;6;1.0;6;3.899948;670.8237320000001;s;living_room;living_room;355;15;None;2007-10-30
2007-10-30 22:52:14.861412;M;11;1.0;11;1.5055850000000002;26022.069310000003;s;living_room;living_room;356;12;None;2007-10-30
2007-10-31 06:10:14.434338;M;37;1.0;37;4.545765;54.116777000000006;s;bathroom;bathroom;359;8;None;2007-10-31
2007-10-31 06:12:19.292996;M;17;1.0;17;13.262046000000002;17.978273;s;kitchen;kitchen;360;4;None;2007-10-31
2007-10-31 06:16:28.869793;M;15;1.0;15;3.2430890000000003;1.077693;s;living_room;living_room;362;8;None;2007-10-31
2007-10-31 06:18:28.743209;M;13;1.0;13;1.843185;5.892597;s;living_room;living_room;363;9;None;2007-10-31
2007-10-31 06:26:28.825807;M;37;1.0;37;3.1831660000000004;7.183669;s;bathroom;hallway_upstairs;367;12;None;2007-10-31
2007-10-31 06:27:40.752872;M;37;1.0;37;3.568919;379.863695;s;bathroom;bathroom;368;13;None;2007-10-31
2007-10-31 06:34:24.561278;M;35;1.0;35;6.447774000000001;21.061156;s;bedroom_south;bedroom_south;369;12;None;2007-10-31
2007-10-31 06:36:27.025465;M;32;1.0;32;7.460676;13.004572000000001;s;bedroom_south;bedroom_south;370;8;None;2007-10-31
2007-10-31 06:42:14.354509;M;31;1.0;31;1.566135;23.165479;s;bedroom_south;bedroom_south;373;12;None;2007-10-31
2007-10-31 06:43:31.412021;M;24;1.0;24;2.2453600000000002;29803.312747000004;s;hallway_downstairs;hallway_downstairs;374;10;None;2007-10-31
2007-10-31 15:00:29.734021;M;6;1.0;6;3.7194870000000004;1.0590620000000002;s;living_room;living_room;375;12;None;2007-10-31
2007-10-31 15:01:48.014463;M;35;1.0;35;3.634395;121.083769;s;bedroom_south;bedroom_south;376;13;None;2007-10-31
2007-10-31 15:33:13.548908;M;35;1.0;35;7.440984;107.23524;s;bedroom_south;bedroom_south;380;12;None;2007-10-31
2007-10-31 15:38:22.977125;M;27;1.0;27;4.547771;8.048964;s;hallway_upstairs;hallway_upstairs;382;13;None;2007-10-31
2007-10-31 15:38:42.333874;M;24;1.0;24;8.263824000000001;19187.599247000002;s;hallway_downstairs;hallway_downstairs;383;5;None;2007-10-31
2007-10-31 21:00:29.746521;M;10;1.0;10;1.0277370000000001;1.159712;s;living_room;living_room;384;14;None;2007-10-31
2007-10-31 21:00:31.592042;M;10;1.0;10;1.623542;270.028207;s;living_room;living_room;385;11;None;2007-10-31
2007-10-31 21:05:13.031226;M;10;1.0;10;1.621558;122.65928600000001;s;living_room;living_room;386;10;None;2007-10-31
2007-10-31 21:08:29.022092;M;6;1.0;6;5.642419;62.484410000000004;s;living_room;living_room;387;11;None;2007-10-31
2007-10-31 21:09:47.836238;M;10;1.0;10;1.492091;109.228903;s;living_room;living_room;388;14;None;2007-10-31
2007-10-31 21:11:37.065141;M;6;1.0;6;3.9349160000000003;78.973946;s;living_room;living_room;389;11;None;2007-10-31
2007-10-31 21:13:41.847803;M;10;1.0;10;1.021894;156.93853000000001;s;living_room;living_room;390;14;None;2007-10-31
2007-10-31 21:16:25.265598;M;10;1.0;10;1.7545490000000001;11.492385;s;living_room;living_room;391;11;None;2007-10-31
2007-10-31 21:18:11.864522;M;10;1.0;10;1.8729950000000002;167.220214;s;living_room;living_room;392;14;None;2007-10-31
2007-10-31 21:25:20.654079;M;11;1.0;11;2.143459;91.501317;s;living_room;living_room;394;15;None;2007-10-31
2007-10-31 21:27:06.365326;M;10;1.0;10;1.6845420000000002;139.648749;s;living_room;living_room;395;11;None;2007-10-31
2007-10-31 21:30:23.209076;M;10;1.0;10;1.4876420000000001;14.880137000000001;s;living_room;living_room;396;10;None;2007-10-31
2007-10-31 21:30:38.398241;M;11;1.0;11;2.8501570000000003;135.62026400000002;s;living_room;living_room;397;15;None;2007-10-31
2007-10-31 21:33:36.981465;M;10;1.0;10;2.2902370000000003;295.04165900000004;s;living_room;living_room;398;11;None;2007-10-31
2007-10-31 21:40:29.588137;M;11;1.0;11;1.3199800000000002;48.6587;s;living_room;living_room;399;15;None;2007-10-31
2007-10-31 21:44:46.700123;M;10;1.0;10;1.6035730000000001;125.62331300000001;s;living_room;living_room;402;14;None;2007-10-31
2007-10-31 21:55:10.056471;M;10;1.0;10;5.4093230000000005;316.013937;s;living_room;living_room;405;15;None;2007-10-31
2007-10-31 22:00:27.086989;M;10;1.0;10;3.6690370000000003;3.431102;s;living_room;living_room;406;4;None;2007-10-31
2007-10-31 22:01:38.697523;M;25;1.0;25;2.5753500000000003;1071.816706;s;hallway_downstairs;hallway_downstairs;407;6;None;2007-10-31
2007-10-31 22:20:29.040754;M;6;1.0;6;11.576533000000001;12.072404;s;living_room;living_room;408;10;None;2007-10-31
2007-10-31 22:20:59.944287;M;10;1.0;10;1.010737;138.314424;s;living_room;living_room;409;11;None;2007-10-31
2007-10-31 22:23:42.061646;M;10;1.0;10;2.134761;87.19457600000001;s;living_room;living_room;410;14;None;2007-10-31
2007-10-31 22:25:13.519105;M;6;1.0;6;1.7875370000000002;83.501153;s;living_room;living_room;411;10;None;2007-10-31
2007-10-31 22:32:20.141358;M;10;1.0;10;1.659577;16.668909;s;living_room;living_room;413;7;None;2007-10-31
2007-10-31 22:34:11.270825;M;6;1.0;6;5.4206;21.784683;s;living_room;living_room;414;3;None;2007-10-31
2007-10-31 22:36:26.787714;M;6;1.0;6;3.75403;3.1831690000000004;s;living_room;living_room;415;14;None;2007-10-31
2007-10-31 22:36:37.496878;M;10;1.0;10;2.391385;158.456925;s;living_room;living_room;416;5;None;2007-10-31
2007-10-31 22:42:23.522186;M;10;1.0;10;2.3973750000000003;83.175455;s;living_room;living_room;418;10;None;2007-10-31
2007-10-31 22:47:00.878124;M;6;1.0;6;1.8105170000000002;137.822121;s;living_room;living_room;421;14;None;2007-10-31
2007-10-31 22:49:18.700245;M;11;1.0;11;1.529608;288.565609;s;living_room;living_room;422;15;None;2007-10-31
2007-10-31 22:54:15.551606;M;6;1.0;6;2.175815;16.497725000000003;s;living_room;living_room;423;7;None;2007-10-31
2007-10-31 22:58:17.023051;M;10;1.0;10;1.9835010000000002;25647.621488;s;living_room;living_room;425;14;None;2007-10-31
2007-11-01 06:05:44.644539;M;35;1.0;35;4.539962;311.509347;s;bedroom_south;bedroom_south;426;13;None;2007-11-01
2007-11-01 06:34:25.225097;M;35;1.0;35;1.9274580000000001;594.6084470000001;s;bedroom_south;bedroom_south;430;12;None;2007-11-01
2007-11-01 06:44:29.604593;M;34;1.0;34;5.411262000000001;5.969129000000001;s;bedroom_south;bedroom_south;431;13;None;2007-11-01
2007-11-01 07:54:58.824509;M;35;1.0;35;5.148053;291.227566;s;bedroom_south;bedroom_south;439;12;None;2007-11-01
2007-11-01 08:00:17.638328;M;34;1.0;34;15.450274;13.042909000000002;s;bedroom_south;bedroom_south;440;13;None;2007-11-01
2007-11-01 08:54:54.938866;M;35;1.0;35;1.603547;356.49147100000005;s;bedroom_south;bedroom_south;447;12;None;2007-11-01
2007-11-01 09:01:14.718004;M;34;1.0;34;4.544787;759.7528490000001;s;bedroom_south;bedroom_south;448;13;None;2007-11-01
2007-11-01 09:24:02.218369;M;35;1.0;35;1.8056770000000002;1969.5060270000001;s;bedroom_south;bedroom_south;450;12;None;2007-11-01
2007-11-01 09:57:39.425428;M;35;1.0;35;3.006154;27509.88215;s;bedroom_south;bedroom_south;451;13;None;2007-11-01
2007-11-01 17:36:28.331075;M;9;1.0;9;1.677551;3.400183;s;living_room;living_room;452;15;None;2007-11-01
2007-11-01 17:38:18.726512;M;11;1.0;11;1.661761;14.305229;s;living_room;living_room;453;11;None;2007-11-01
2007-11-01 17:46:12.089908;M;10;1.0;10;1.804486;20.168647;s;living_room;living_room;457;15;None;2007-11-01
2007-11-01 17:48:05.924062;M;10;1.0;10;1.8454840000000001;37.152995000000004;s;living_room;living_room;458;14;None;2007-11-01
2007-11-01 17:50:20.441307;M;11;1.0;11;2.683256;112.17716100000001;s;living_room;living_room;459;15;None;2007-11-01
2007-11-01 17:52:16.011665;M;10;1.0;10;4.158844;181.17414000000002;s;living_room;living_room;460;11;None;2007-11-01
2007-11-01 17:56:11.204438;M;11;1.0;11;3.8111370000000004;21.468464;s;living_room;living_room;461;15;None;2007-11-01
2007-11-01 17:57:08.563685;M;11;1.0;11;1.8134970000000001;84.48869400000001;s;living_room;living_room;462;11;None;2007-11-01
2007-11-01 18:00:15.361678;M;10;1.0;10;2.4593160000000003;82.730305;s;living_room;living_room;463;15;None;2007-11-01
2007-11-01 18:01:38.399875;M;10;1.0;10;3.4010610000000003;333.60395300000005;s;living_room;living_room;464;11;None;2007-11-01
2007-11-01 18:07:26.854815;M;11;1.0;11;1.620552;89.184712;s;living_room;living_room;465;15;None;2007-11-01
2007-11-01 18:11:56.768637;M;6;1.0;6;2.2373990000000004;131.918301;s;living_room;living_room;467;14;None;2007-11-01
2007-11-01 18:14:08.686938;M;11;1.0;11;4.378847;36.260614000000004;s;living_room;living_room;468;15;None;2007-11-01
2007-11-01 18:18:12.007543;M;11;1.0;11;1.9261750000000002;157.504796;s;living_room;living_room;470;11;None;2007-11-01
2007-11-01 18:28:18.602793;M;6;1.0;6;1.589558;17.090991000000002;s;living_room;living_room;474;7;None;2007-11-01
2007-11-01 18:30:13.850373;M;10;1.0;10;1.0340580000000001;41.170788;s;living_room;living_room;475;14;None;2007-11-01
2007-11-01 18:35:56.023458;M;6;1.0;6;2.022411;46.104555000000005;s;living_room;living_room;478;7;None;2007-11-01
2007-11-01 18:38:10.215358;M;11;1.0;11;6.178554;99.228853;s;living_room;living_room;479;11;None;2007-11-01
2007-11-01 18:40:09.044668;M;11;1.0;11;2.137538;21.211151;s;living_room;living_room;480;15;None;2007-11-01
2007-11-01 18:46:00.626473;M;10;1.0;10;1.4915910000000001;29.393973000000003;s;living_room;living_room;483;7;None;2007-11-01
2007-11-01 18:48:22.004255;M;11;1.0;11;6.429546;7.849253000000001;s;living_room;living_room;484;15;None;2007-11-01
2007-11-01 18:52:27.959498;M;6;1.0;6;1.757514;8.135766;s;living_room;living_room;486;11;None;2007-11-01
2007-11-01 18:55:50.049713;M;11;1.0;11;1.6555460000000002;47.859370000000006;s;living_room;living_room;488;15;None;2007-11-01
2007-11-01 18:58:08.855142;M;11;1.0;11;4.865659;63.326863;s;living_room;living_room;489;11;None;2007-11-01
2007-11-01 19:00:28.315282;M;11;1.0;11;1.6923000000000001;3.473052;s;living_room;living_room;490;15;None;2007-11-01
2007-11-01 19:00:31.788334;M;10;1.0;10;1.4726050000000002;161.32694800000002;s;living_room;living_room;491;14;None;2007-11-01
2007-11-01 19:03:13.115282;M;6;1.0;6;1.879574;370.890569;s;living_room;living_room;492;10;None;2007-11-01
2007-11-01 19:09:26.038695;M;6;1.0;6;1.493606;178.35273;s;living_room;living_room;493;11;None;2007-11-01
2007-11-01 19:12:29.043741;M;11;1.0;11;2.34614;9.715496;s;living_room;living_room;494;15;None;2007-11-01
2007-11-01 19:14:11.900082;M;11;1.0;11;1.0527140000000001;29.82522;s;living_room;living_room;495;11;None;2007-11-01
2007-11-01 19:16:20.006799;M;10;1.0;10;2.034743;12.327916;s;living_room;living_room;496;14;None;2007-11-01
2007-11-01 19:16:32.334715;M;6;1.0;6;7.655922;178.84038;s;living_room;living_room;497;10;None;2007-11-01
2007-11-01 19:23:52.267429;M;11;1.0;11;1.762232;184.84170300000002;s;living_room;living_room;500;15;None;2007-11-01
2007-11-01 19:26:59.793362;M;10;1.0;10;2.866353;158.66396400000002;s;living_room;living_room;501;11;None;2007-11-01
2007-11-01 19:29:43.543259;M;6;1.0;6;4.727706;95.291127;s;living_room;living_room;502;10;None;2007-11-01
2007-11-01 19:33:26.119801;M;6;1.0;6;1.729516;100.83392400000001;s;living_room;living_room;504;14;None;2007-11-01
2007-11-01 19:35:06.953725;M;6;1.0;6;2.3953580000000003;120.90685400000001;s;living_room;living_room;505;10;None;2007-11-01
2007-11-01 19:40:04.663579;M;6;1.0;6;2.366906;161.624562;s;living_room;living_room;507;14;None;2007-11-01
2007-11-01 19:46:10.455777;M;5;1.0;5;0.9840960000000001;31.323890000000002;s;living_room;living_room;509;10;None;2007-11-01
2007-11-01 19:48:14.141463;M;5;1.0;5;0.949041;53.270595;s;living_room;living_room;510;14;None;2007-11-01
2007-11-01 19:49:13.356441;M;6;1.0;6;6.784128000000001;307.849583;s;living_room;living_room;511;10;None;2007-11-01
2007-11-01 19:56:16.879193;M;10;1.0;10;1.14369;44.746823000000006;s;living_room;living_room;513;14;None;2007-11-01
2007-11-01 19:57:01.626016;M;6;1.0;6;0.9997220000000001;90.24844900000001;s;living_room;living_room;514;4;None;2007-11-01
2007-11-01 20:00:27.908993;M;18;1.0;18;1.8254920000000001;4.3927950000000004;s;kitchen;kitchen;515;9;None;2007-11-01
2007-11-01 20:00:54.426512;M;6;1.0;6;2.915254;147.843943;s;living_room;living_room;516;5;None;2007-11-01
2007-11-01 20:04:06.400662;M;13;1.0;13;1.871483;41.215524;s;living_room;living_room;517;9;None;2007-11-01
2007-11-01 20:08:29.093196;M;9;1.0;9;2.235355;0.97174;s;living_room;living_room;519;4;None;2007-11-01
2007-11-01 20:10:12.992652;M;10;1.0;10;1.0477750000000001;117.527252;s;living_room;living_room;520;10;None;2007-11-01
2007-11-01 20:12:22.678179;M;16;1.0;16;2.266384;13.207272000000001;s;kitchen;kitchen;521;8;None;2007-11-01
2007-11-01 20:13:47.647921;M;6;1.0;6;3.971966;197.158891;s;living_room;living_room;522;5;None;2007-11-01
2007-11-01 20:18:16.672338;M;6;1.0;6;2.8542050000000003;17.89119;s;living_room;living_room;523;11;None;2007-11-01
2007-11-01 20:20:23.943419;M;16;1.0;16;1.5557850000000002;15.017615000000001;s;kitchen;kitchen;524;7;None;2007-11-01
2007-11-01 20:34:28.144736;M;6;1.0;6;0.920896;8.617617000000001;s;living_room;living_room;531;3;None;2007-11-01
2007-11-01 20:36:20.765051;M;10;1.0;10;1.8194800000000002;18.837461;s;living_room;living_room;532;14;None;2007-11-01
2007-11-01 20:37:37.671123;M;10;1.0;10;1.787811;60.564113000000006;s;living_room;living_room;533;7;None;2007-11-01
2007-11-01 20:42:28.031339;M;10;1.0;10;1.993584;11.977077000000001;s;living_room;living_room;535;11;None;2007-11-01
2007-11-01 20:46:11.754902;M;10;1.0;10;3.7031500000000004;19.340963000000002;s;living_room;living_room;537;14;None;2007-11-01
2007-11-01 20:50:43.327177;M;10;1.0;10;1.6805240000000001;113.965704;s;living_room;living_room;540;7;None;2007-11-01
2007-11-01 20:53:13.594577;M;10;1.0;10;2.881762;116.65120200000001;s;living_room;living_room;541;11;None;2007-11-01
2007-11-01 20:55:53.019084;M;11;1.0;11;3.366168;57.347059;s;living_room;living_room;542;15;None;2007-11-01
2007-11-01 20:58:32.104747;M;10;1.0;10;1.541566;198.608709;s;living_room;living_room;544;14;None;2007-11-01
2007-11-01 21:01:51.475256;M;11;1.0;11;1.7505080000000002;339.110275;s;living_room;living_room;545;15;None;2007-11-01
2007-11-01 21:14:12.078628;M;10;1.0;10;1.527565;77.452854;s;living_room;living_room;548;14;None;2007-11-01
2007-11-01 21:15:29.531482;M;10;1.0;10;1.8334920000000001;88.991274;s;living_room;living_room;549;11;None;2007-11-01
2007-11-01 21:18:06.008828;M;11;1.0;11;1.83094;180.506389;s;living_room;living_room;550;15;None;2007-11-01
2007-11-01 21:22:11.821356;M;11;1.0;11;2.085427;39.237802;s;living_room;living_room;551;11;None;2007-11-01
2007-11-01 21:24:56.503913;M;10;1.0;10;1.96978;613.285031;s;living_room;living_room;553;14;None;2007-11-01
2007-11-01 21:41:21.091486;M;10;1.0;10;1.867461;1133.707433;s;living_room;living_room;556;7;None;2007-11-01
2007-11-01 22:00:24.683601;M;6;1.0;6;0.9907020000000001;72.373692;s;living_room;living_room;557;14;None;2007-11-01
2007-11-01 22:13:08.860105;M;6;1.0;6;1.7595340000000002;90.79636400000001;s;living_room;living_room;561;11;None;2007-11-01
2007-11-01 22:16:26.520013;M;5;1.0;5;3.558269;7.899771;s;living_room;living_room;562;7;None;2007-11-01
2007-11-01 22:18:29.603613;M;10;1.0;10;4.83885;7.322144000000001;s;living_room;living_room;563;14;None;2007-11-01
2007-11-01 22:22:02.031266;M;6;1.0;6;1.065652;73.433023;s;living_room;living_room;565;10;None;2007-11-01
2007-11-01 22:25:07.354462;M;10;1.0;10;2.487307;100.72651900000001;s;living_room;living_room;567;7;None;2007-11-01
2007-11-01 22:27:41.705047;M;10;1.0;10;1.6965210000000002;178.325149;s;living_room;living_room;568;9;None;2007-11-01
2007-11-01 22:31:15.418462;M;37;1.0;37;4.6217690000000005;75.69903000000001;s;bathroom;bathroom;569;12;None;2007-11-01
2007-11-01 22:34:26.737178;M;36;1.0;36;3.271081;3.792936;s;bedroom_south;bedroom_south;570;8;None;2007-11-01
2007-11-01 22:36:00.886951;M;37;1.0;37;3.921901;29.285346;s;bathroom;bathroom;571;5;None;2007-11-01
2007-11-01 22:37:54.772373;M;25;1.0;25;2.503292;26538.286334;s;hallway_downstairs;hallway_downstairs;572;14;None;2007-11-01
2007-11-02 06:00:13.058707;M;35;1.0;35;1.9997440000000002;165.7877;s;bedroom_south;bedroom_south;573;13;None;2007-11-02
2007-11-02 06:10:10.529717;M;35;1.0;35;3.5687290000000003;198.833265;s;bedroom_south;bedroom_south;576;12;None;2007-11-02
2007-11-02 06:14:14.062136;M;34;1.0;34;3.7863450000000003;59.37786500000001;s;bedroom_south;bedroom_south;577;13;None;2007-11-02
2007-11-02 06:32:44.087958;M;35;1.0;35;7.405918000000001;385.91812100000004;s;bedroom_south;bedroom_south;580;12;None;2007-11-02
2007-11-02 06:51:42.837097;M;35;1.0;35;4.052316;259.19957800000003;s;bedroom_south;bedroom_south;583;13;None;2007-11-02
2007-11-02 07:48:06.710424;M;35;1.0;35;3.6190650000000004;27.862554000000003;s;bedroom_south;bedroom_south;589;12;None;2007-11-02
2007-11-02 07:50:05.625509;M;34;1.0;34;1.425489;271.591993;s;bedroom_south;bedroom_south;590;13;None;2007-11-02
2007-11-02 08:04:52.236611;M;34;1.0;34;1.5815640000000002;380.807808;s;bedroom_south;bedroom_south;592;12;None;2007-11-02
2007-11-02 08:25:51.331821;M;24;1.0;24;11.273907000000001;26231.699350000003;s;hallway_downstairs;hallway_downstairs;597;8;None;2007-11-02
2007-11-02 15:46:29.364262;M;21;1.0;21;4.5920190000000005;0.9897330000000001;s;hallway_downstairs;hallway_downstairs;599;14;None;2007-11-02
2007-11-02 15:46:33.498242;M;25;1.0;25;5.015116;187.560024;s;hallway_downstairs;hallway_downstairs;600;8;None;2007-11-02
2007-11-02 15:51:42.268631;M;25;1.0;25;3.8030130000000004;762.7294870000001;s;hallway_downstairs;hallway_downstairs;602;14;None;2007-11-02
2007-11-02 16:04:26.857592;M;25;1.0;25;3.9424150000000004;3.199459;s;hallway_downstairs;hallway_downstairs;603;7;None;2007-11-02
2007-11-02 16:06:18.574881;M;10;1.0;10;1.5665650000000002;166.161381;s;living_room;living_room;604;14;None;2007-11-02
2007-11-02 16:09:10.159887;M;10;1.0;10;1.0420770000000001;137.935474;s;living_room;living_room;605;11;None;2007-11-02
2007-11-02 16:11:37.622766;M;10;1.0;10;1.683526;223.16251100000002;s;living_room;living_room;606;14;None;2007-11-02
2007-11-02 16:41:03.023351;M;10;1.0;10;1.8155050000000001;123.37168000000001;s;living_room;living_room;613;11;None;2007-11-02
2007-11-02 16:44:20.416877;M;7;1.0;7;1.582152;85.710386;s;living_room;living_room;614;14;None;2007-11-02
2007-11-02 17:04:26.351627;M;10;1.0;10;2.007416;8.742941;s;living_room;living_room;617;3;None;2007-11-02
2007-11-02 17:05:55.630203;M;6;1.0;6;1.018944;315.782298;s;living_room;living_room;618;14;None;2007-11-02
2007-11-02 17:41:57.658504;M;10;1.0;10;1.6298050000000002;158.95156;s;living_room;living_room;623;7;None;2007-11-02
2007-11-02 17:46:19.666037;M;10;1.0;10;1.599051;1411.8330780000001;s;living_room;living_room;624;14;None;2007-11-02
2007-11-02 18:23:04.526216;M;10;1.0;10;1.5335720000000002;1275.4640610000001;s;living_room;living_room;627;10;None;2007-11-02
2007-11-02 18:44:21.541811;M;10;1.0;10;6.855514;10.534518;s;living_room;living_room;628;14;None;2007-11-02
2007-11-02 18:57:45.235636;M;10;1.0;10;2.14241;117.77050000000001;s;living_room;living_room;634;11;None;2007-11-02
2007-11-02 18:59:54.980001;M;9;1.0;9;2.144174;46.693146000000006;s;living_room;living_room;635;10;None;2007-11-02
2007-11-02 19:02:14.500809;M;10;1.0;10;3.8556260000000004;103.354005;s;living_room;living_room;636;9;None;2007-11-02
2007-11-02 19:04:25.977112;M;17;1.0;17;10.475405;14.364692000000002;s;kitchen;kitchen;637;4;None;2007-11-02
2007-11-02 19:06:16.683578;M;6;1.0;6;6.790154;17.205229000000003;s;living_room;living_room;638;3;None;2007-11-02
2007-11-02 19:08:23.467947;M;10;1.0;10;2.679256;38.686836;s;living_room;living_room;639;11;None;2007-11-02
2007-11-02 19:09:09.187614;M;6;1.0;6;3.612458;162.838411;s;living_room;living_room;640;14;None;2007-11-02
2007-11-02 19:12:08.491359;M;10;1.0;10;2.810309;49.549073;s;living_room;living_room;641;7;None;2007-11-02
2007-11-02 19:14:04.894553;M;10;1.0;10;1.5575780000000001;89.78457800000001;s;living_room;living_room;642;11;None;2007-11-02
2007-11-02 19:18:19.694009;M;10;1.0;10;3.782922;100.06728600000001;s;living_room;living_room;644;14;None;2007-11-02
2007-11-02 19:51:38.086345;M;10;1.0;10;3.9420020000000005;375.00732000000005;s;living_room;living_room;648;11;None;2007-11-02
2007-11-02 19:58:29.636647;M;10;1.0;10;6.236238;38.871514000000005;s;living_room;living_room;649;14;None;2007-11-02
2007-11-02 20:03:36.924208;M;10;1.0;10;1.3577160000000001;571.115529;s;living_room;living_room;651;11;None;2007-11-02
2007-11-02 20:13:23.026202;M;10;1.0;10;2.0184320000000002;305.975864;s;living_room;living_room;652;14;None;2007-11-02
2007-11-02 20:40:18.042317;M;10;1.0;10;1.397605;65.11071;s;living_room;living_room;655;11;None;2007-11-02
2007-11-02 20:41:42.075661;M;10;1.0;10;1.962641;167.19351300000002;s;living_room;living_room;656;14;None;2007-11-02
2007-11-02 20:47:11.202259;M;10;1.0;10;1.903464;372.329882;s;living_room;living_room;659;5;None;2007-11-02
2007-11-02 20:54:28.051038;M;6;1.0;6;4.813637;5.002594;s;living_room;living_room;660;3;None;2007-11-02
2007-11-02 20:58:24.327063;M;6;1.0;6;1.745519;5.742375;s;living_room;living_room;662;10;None;2007-11-02
2007-11-02 21:00:27.213491;M;10;1.0;10;1.9141730000000001;113.235937;s;living_room;living_room;663;14;None;2007-11-02
2007-11-02 21:02:25.422941;M;6;1.0;6;3.80498;25.979096000000002;s;living_room;living_room;664;4;None;2007-11-02
2007-11-02 21:04:01.972218;M;6;1.0;6;2.102424;95.179258;s;living_room;living_room;665;10;None;2007-11-02
2007-11-02 21:09:51.006416;M;9;1.0;9;5.706129000000001;92.78926600000001;s;living_room;living_room;668;9;None;2007-11-02
2007-11-02 21:15:31.847636;M;9;1.0;9;0.23989700000000003;259.927957;s;living_room;living_room;671;14;None;2007-11-02
2007-11-02 21:23:23.756197;M;7;1.0;7;1.9854310000000002;104.12034700000001;s;living_room;living_room;673;9;None;2007-11-02
2007-11-02 21:26:07.720588;M;9;1.0;9;3.681089;122.575218;s;living_room;living_room;674;14;None;2007-11-02
2007-11-02 21:30:05.791511;M;6;1.0;6;1.685518;56.56485000000001;s;living_room;living_room;676;5;None;2007-11-02
2007-11-02 21:32:15.733143;M;10;1.0;10;1.9994480000000001;80.593321;s;living_room;living_room;677;14;None;2007-11-02
2007-11-02 21:33:36.326464;M;10;1.0;10;1.756312;66.42733;s;living_room;living_room;678;11;None;2007-11-02
2007-11-02 21:36:16.029824;M;10;1.0;10;1.0090510000000001;83.647458;s;living_room;living_room;679;14;None;2007-11-02
2007-11-02 21:37:39.677282;M;10;1.0;10;1.54268;221.878511;s;living_room;living_room;680;11;None;2007-11-02
2007-11-02 21:42:26.802426;M;10;1.0;10;1.015749;92.385907;s;living_room;living_room;681;9;None;2007-11-02
2007-11-02 21:44:27.613664;M;16;1.0;16;1.98357;5.34564;s;kitchen;kitchen;682;5;None;2007-11-02
2007-11-02 21:46:26.159266;M;6;1.0;6;1.778683;3.837842;s;living_room;living_room;683;9;None;2007-11-02
2007-11-02 21:47:58.045175;M;9;1.0;9;1.4546560000000002;80.689569;s;living_room;living_room;684;7;None;2007-11-02
2007-11-02 21:50:14.313495;M;10;1.0;10;1.678117;202.636099;s;living_room;living_room;685;14;None;2007-11-02
2007-11-02 21:53:40.181391;M;10;1.0;10;1.760143;223.86811600000001;s;living_room;living_room;686;11;None;2007-11-02
2007-11-02 21:58:10.081928;M;10;1.0;10;0.9910190000000001;361.728918;s;living_room;living_room;687;14;None;2007-11-02
2007-11-02 22:38:36.652058;M;10;1.0;10;3.9983210000000002;131.516566;s;living_room;living_room;698;7;None;2007-11-02
2007-11-02 22:41:40.519906;M;10;1.0;10;1.312615;84.76613;s;living_room;living_room;699;14;None;2007-11-02
2007-11-02 22:59:28.259036;M;10;1.0;10;2.02971;25689.925425;s;living_room;living_room;702;13;None;2007-11-02
2007-11-03 07:09:35.379675;M;35;1.0;35;1.858513;57.269481000000006;s;bedroom_south;bedroom_south;710;12;None;2007-11-03
2007-11-03 07:11:10.083486;M;34;1.0;34;5.524182000000001;498.65397;s;bedroom_south;bedroom_south;711;13;None;2007-11-03
2007-11-03 07:23:55.473685;M;35;1.0;35;2.517291;99.288072;s;bedroom_south;bedroom_south;713;12;None;2007-11-03
2007-11-03 08:06:27.825206;M;34;1.0;34;4.84522;27.435618;s;bedroom_south;bedroom_south;717;13;None;2007-11-03
2007-11-03 08:55:44.510161;M;35;1.0;35;1.57657;262.29414;s;bedroom_south;bedroom_south;723;12;None;2007-11-03
2007-11-03 09:00:22.038165;M;34;1.0;34;1.761519;16.94443;s;bedroom_south;bedroom_south;724;13;None;2007-11-03
2007-11-03 09:10:06.335473;M;34;1.0;34;2.367068;53.370774000000004;s;bedroom_south;bedroom_south;727;12;None;2007-11-03
2007-11-03 09:11:18.761273;M;35;1.0;35;12.429811;2768.7200930000004;s;bedroom_south;bedroom_south;728;13;None;2007-11-03
2007-11-03 09:58:55.044914;M;35;1.0;35;2.2962480000000003;18823.851915000003;s;bedroom_south;bedroom_south;730;6;None;2007-11-03
2007-11-03 15:13:46.837742;M;6;1.0;6;1.893501;180.08661600000002;s;living_room;living_room;731;14;None;2007-11-03
2007-11-03 15:16:46.924358;M;10;1.0;10;3.0511890000000004;165.106866;s;living_room;living_room;732;5;None;2007-11-03
2007-11-03 15:20:22.730269;M;17;1.0;17;13.680175;8.354582;s;kitchen;kitchen;733;11;None;2007-11-03
2007-11-03 15:22:25.553828;M;10;1.0;10;1.7985200000000001;10.023708000000001;s;living_room;living_room;734;10;None;2007-11-03
2007-11-03 15:22:38.938798;M;6;1.0;6;1.301703;173.342159;s;living_room;living_room;735;11;None;2007-11-03
2007-11-03 15:25:50.038203;M;10;1.0;10;4.0270150000000005;69.505534;s;living_room;living_room;736;7;None;2007-11-03
2007-11-03 15:28:27.465383;M;10;1.0;10;1.569126;91.294312;s;living_room;living_room;737;14;None;2007-11-03
2007-11-03 15:29:58.759695;M;6;1.0;6;4.998664000000001;60.28784;s;living_room;living_room;738;10;None;2007-11-03
2007-11-03 15:32:04.434481;M;6;1.0;6;4.552346;62.890416;s;living_room;living_room;739;14;None;2007-11-03
2007-11-03 15:33:19.993892;M;10;1.0;10;1.4455950000000002;204.494225;s;living_room;living_room;740;11;None;2007-11-03
2007-11-03 15:36:49.666708;M;11;1.0;11;1.5275910000000001;125.31044000000001;s;living_room;living_room;741;15;None;2007-11-03
2007-11-03 15:38:59.391996;M;10;1.0;10;2.98022;106.96489700000001;s;living_room;living_room;742;9;None;2007-11-03
2007-11-03 15:42:27.253491;M;36;1.0;36;2.223402;7.569954;s;bedroom_south;bedroom_south;743;8;None;2007-11-03
2007-11-03 15:44:28.709173;M;11;1.0;11;1.327361;2.036195;s;living_room;living_room;744;15;None;2007-11-03
2007-11-03 15:45:38.076221;M;6;1.0;6;1.9648160000000001;114.73858100000001;s;living_room;living_room;745;10;None;2007-11-03
2007-11-03 15:50:25.892413;M;10;1.0;10;1.9474690000000001;33.186715;s;living_room;living_room;747;7;None;2007-11-03
2007-11-03 15:52:26.029957;M;6;1.0;6;2.001191;92.496542;s;living_room;living_room;748;10;None;2007-11-03
2007-11-03 15:54:04.955828;M;5;1.0;5;1.5885660000000001;126.05743400000001;s;living_room;living_room;749;11;None;2007-11-03
2007-11-03 15:56:22.257578;M;6;1.0;6;1.687554;14.701041000000002;s;living_room;living_room;750;10;None;2007-11-03
2007-11-03 15:58:16.014603;M;9;1.0;9;6.870101;345.09832400000005;s;living_room;living_room;751;14;None;2007-11-03
2007-11-03 16:09:25.905299;M;9;1.0;9;4.234088;71.044723;s;living_room;living_room;753;9;None;2007-11-03
2007-11-03 16:11:42.278347;M;9;1.0;9;1.6821650000000001;206.728274;s;living_room;living_room;754;14;None;2007-11-03
2007-11-03 16:15:39.548133;M;6;1.0;6;2.579314;62.459879;s;living_room;living_room;755;5;None;2007-11-03
2007-11-03 16:18:29.399621;M;17;1.0;17;1.406122;1.6537600000000001;s;kitchen;kitchen;756;7;None;2007-11-03
2007-11-03 16:19:50.084173;M;6;1.0;6;0.9997280000000001;43.429081000000004;s;living_room;living_room;757;10;None;2007-11-03
2007-11-03 16:21:58.497256;M;6;1.0;6;1.787563;40.519112;s;living_room;living_room;758;7;None;2007-11-03
2007-11-03 16:24:16.221867;M;6;1.0;6;1.043712;50.951377;s;living_room;living_room;759;14;None;2007-11-03
2007-11-03 16:25:07.173244;M;10;1.0;10;1.5667140000000002;154.116059;s;living_room;living_room;760;11;None;2007-11-03
2007-11-03 16:28:05.778573;M;11;1.0;11;2.5193380000000003;84.40350400000001;s;living_room;living_room;761;15;None;2007-11-03
2007-11-03 16:29:44.047089;M;11;1.0;11;1.787519;324.403025;s;living_room;living_room;762;11;None;2007-11-03
2007-11-03 16:35:17.030053;M;6;1.0;6;3.9941440000000004;101.83498800000001;s;living_room;living_room;763;7;None;2007-11-03
2007-11-03 16:38:23.848815;M;10;1.0;10;4.247262;9.024723;s;living_room;living_room;764;3;None;2007-11-03
2007-11-03 16:40:19.635295;M;10;1.0;10;2.8652;11.629789;s;living_room;living_room;765;7;None;2007-11-03
2007-11-03 16:41:17.318665;M;10;1.0;10;4.629758000000001;81.61971700000001;s;living_room;living_room;766;11;None;2007-11-03
2007-11-03 16:44:16.463327;M;10;1.0;10;1.719526;91.51745500000001;s;living_room;living_room;767;14;None;2007-11-03
2007-11-03 16:45:47.980782;M;10;1.0;10;1.710515;148.85135200000002;s;living_room;living_room;768;11;None;2007-11-03
2007-11-03 16:48:26.002958;M;6;1.0;6;1.506223;9.079135;s;living_room;living_room;769;10;None;2007-11-03
2007-11-03 16:48:38.586214;M;11;1.0;11;4.051251000000001;249.75383000000002;s;living_room;living_room;770;11;None;2007-11-03
2007-11-03 16:54:04.900088;M;10;1.0;10;3.5010310000000002;28.557218000000002;s;living_room;living_room;771;7;None;2007-11-03
2007-11-03 16:56:03.999704;M;10;1.0;10;1.8414940000000002;46.89439;s;living_room;living_room;772;15;None;2007-11-03
2007-11-03 16:58:09.436242;M;10;1.0;10;1.650184;78.299976;s;living_room;living_room;773;11;None;2007-11-03
2007-11-03 17:00:24.529069;M;11;1.0;11;6.738798;162.35149900000002;s;living_room;living_room;774;15;None;2007-11-03
2007-11-03 17:03:08.043255;M;10;1.0;10;3.390067;107.96377100000001;s;living_room;living_room;775;11;None;2007-11-03
2007-11-03 17:07:30.967482;M;6;1.0;6;1.945467;71.36055900000001;s;living_room;living_room;777;10;None;2007-11-03
2007-11-03 17:10:25.683797;M;10;1.0;10;2.365438;4.8540350000000005;s;living_room;living_room;778;4;None;2007-11-03
2007-11-03 17:12:29.599206;M;18;1.0;18;1.4723350000000002;5.1551;s;kitchen;kitchen;779;8;None;2007-11-03
2007-11-03 17:14:16.691997;M;17;1.0;17;2.369362;45.200070000000004;s;kitchen;kitchen;780;14;None;2007-11-03
2007-11-03 17:21:58.669309;M;17;1.0;17;2.079972;85.575985;s;kitchen;kitchen;783;9;None;2007-11-03
2007-11-03 17:24:20.745953;M;17;1.0;17;3.172073;11.031821;s;kitchen;kitchen;784;8;None;2007-11-03
2007-11-03 17:26:19.588947;M;18;1.0;18;19.471935000000002;20.491752;s;kitchen;kitchen;785;4;None;2007-11-03
2007-11-03 17:28:29.243607;M;9;1.0;9;1.7634020000000001;0.8787510000000001;s;living_room;living_room;786;8;None;2007-11-03
2007-11-03 17:29:30.116615;M;17;1.0;17;9.977289;67.582344;s;kitchen;kitchen;787;13;None;2007-11-03
2007-11-03 17:32:03.932036;M;18;1.0;18;2.838711;30.754727000000003;s;kitchen;kitchen;788;14;None;2007-11-03
2007-11-03 17:32:37.035998;M;18;1.0;18;2.027234;125.217674;s;kitchen;kitchen;789;9;None;2007-11-03
2007-11-03 17:35:46.816857;M;18;1.0;18;4.4297070000000005;122.172295;s;kitchen;kitchen;790;11;None;2007-11-03
2007-11-03 17:38:23.020454;M;11;1.0;11;1.857585;13.019447000000001;s;living_room;living_room;791;7;None;2007-11-03
2007-11-03 17:40:26.714601;M;5;1.0;5;1.473554;9.967086;s;living_room;living_room;792;4;None;2007-11-03
2007-11-03 17:42:29.708952;M;1;1.0;1;8.378875;5.8323030000000005;s;living_room;living_room;793;3;None;2007-11-03
2007-11-03 17:44:28.845627;M;13;1.0;13;2.247367;1.0656990000000002;s;living_room;living_room;794;8;None;2007-11-03
2007-11-03 17:45:38.064789;M;37;1.0;37;2.487267;345.827782;s;bathroom;bathroom;795;12;None;2007-11-03
2007-11-03 17:54:25.180848;M;6;1.0;6;4.674121;9.356804;s;living_room;living_room;797;9;None;2007-11-03
2007-11-03 17:56:23.795201;M;17;1.0;17;9.268313000000001;6.168194000000001;s;kitchen;kitchen;798;13;None;2007-11-03
2007-11-03 17:56:38.243103;M;25;1.0;25;3.264225;168.041201;s;hallway_downstairs;hallway_downstairs;799;9;None;2007-11-03
2007-11-03 18:00:02.070902;M;11;1.0;11;1.989813;110.14403100000001;s;living_room;living_room;800;15;None;2007-11-03
2007-11-03 18:02:09.575886;M;10;1.0;10;2.9731620000000003;32.611366000000004;s;living_room;living_room;801;7;None;2007-11-03
2007-11-03 18:04:04.253686;M;10;1.0;10;1.473576;55.730318000000004;s;living_room;living_room;802;14;None;2007-11-03
2007-11-03 18:05:04.753065;M;10;1.0;10;1.8525630000000002;125.9059;s;living_room;living_room;803;10;None;2007-11-03
2007-11-03 18:11:53.135804;M;10;1.0;10;1.773522;42.589842000000004;s;living_room;living_room;806;7;None;2007-11-03
2007-11-03 18:14:26.105584;M;10;1.0;10;1.6425130000000001;5.95638;s;living_room;living_room;807;14;None;2007-11-03
2007-11-03 18:16:21.056272;M;10;1.0;10;2.5864860000000003;22.165077;s;living_room;living_room;808;11;None;2007-11-03
2007-11-03 18:20:22.595371;M;5;1.0;5;2.925208;9.773623;s;living_room;living_room;810;7;None;2007-11-03
2007-11-03 18:21:48.218793;M;5;1.0;5;1.695848;107.83050200000001;s;living_room;living_room;811;5;None;2007-11-03
2007-11-03 18:24:19.367377;M;6;1.0;6;2.9734760000000002;471.02706800000004;s;living_room;living_room;812;14;None;2007-11-03
2007-11-03 18:36:49.427303;M;10;1.0;10;1.019716;109.454031;s;living_room;living_room;814;6;None;2007-11-03
2007-11-03 18:40:26.000875;M;9;1.0;9;4.896978000000001;5.200886000000001;s;living_room;living_room;815;9;None;2007-11-03
2007-11-03 18:41:31.041972;M;9;1.0;9;5.520291;90.103492;s;living_room;living_room;816;14;None;2007-11-03
2007-11-03 18:44:04.724555;M;9;1.0;9;4.840617;41.75923;s;living_room;living_room;817;9;None;2007-11-03
2007-11-03 18:46:25.440822;M;9;1.0;9;1.4295760000000002;27.214773;s;living_room;living_room;818;14;None;2007-11-03
2007-11-03 18:47:19.465557;M;9;1.0;9;1.501565;83.542055;s;living_room;living_room;819;9;None;2007-11-03
2007-11-03 18:49:17.999316;M;25;1.0;25;5.009273;145.020933;s;hallway_downstairs;hallway_downstairs;820;4;None;2007-11-03
2007-11-03 18:52:28.065484;M;25;1.0;25;12.531607000000001;1.75902;s;hallway_downstairs;hallway_downstairs;821;8;None;2007-11-03
2007-11-03 18:54:27.021323;M;37;1.0;37;4.689329;3.062228;s;bathroom;hallway_upstairs;822;0;None;2007-11-03
2007-11-03 19:00:29.483948;M;16;1.0;16;4.053251;1.1590200000000002;s;kitchen;living_room;825;4;None;2007-11-03
2007-11-03 19:02:28.902125;M;13;1.0;13;7.165317000000001;1.1336890000000002;s;living_room;living_room;826;0;None;2007-11-03
2007-11-03 19:06:28.957171;M;5;1.0;5;8.87148;2.095673;s;living_room;living_room;828;1;None;2007-11-03
2007-11-03 19:08:29.564741;M;5;1.0;5;1.0400530000000001;0.84406;s;living_room;living_room;829;0;None;2007-11-03
2007-11-03 19:12:29.555026;M;5;1.0;5;10.667535;2.537487;s;living_room;kitchen;831;1;None;2007-11-03
2007-11-03 19:14:23.258942;M;5;1.0;5;1.751101;11.806306000000001;s;living_room;living_room;832;0;None;2007-11-03
2007-11-03 19:18:24.865716;M;5;1.0;5;6.868793;7.35665;s;living_room;living_room;834;2;None;2007-11-03
2007-11-03 19:20:26.919812;M;6;1.0;6;7.810907;8.133167;s;living_room;living_room;835;3;None;2007-11-03
2007-11-03 19:24:26.624557;M;6;1.0;6;3.393059;5.3505080000000005;s;living_room;living_room;837;0;None;2007-11-03
2007-11-03 19:26:17.212101;M;6;1.0;6;6.421545;15.872395000000001;s;living_room;living_room;838;3;None;2007-11-03
2007-11-03 19:28:29.062908;M;6;1.0;6;5.104916;5.871701000000001;s;living_room;living_room;839;1;None;2007-11-03
2007-11-03 19:30:24.739257;M;6;1.0;6;1.425599;5.969328;s;living_room;living_room;840;3;None;2007-11-03
2007-11-03 19:32:29.038404;M;10;1.0;10;3.562981;3.686971;s;living_room;living_room;841;2;None;2007-11-03
2007-11-03 19:34:25.024506;M;5;1.0;5;6.042658;9.778277000000001;s;living_room;living_room;842;1;None;2007-11-03
2007-11-03 19:38:27.831941;M;5;1.0;5;13.228438;4.761653;s;living_room;living_room;844;6;None;2007-11-03
2007-11-03 19:40:24.004434;M;6;1.0;6;1.637544;9.600295000000001;s;living_room;living_room;845;1;None;2007-11-03
2007-11-03 19:42:29.194677;M;7;1.0;7;1.848586;0.782062;s;living_room;living_room;846;2;None;2007-11-03
2007-11-03 19:44:24.558746;M;5;1.0;5;2.3923110000000003;11.260547;s;living_room;living_room;847;1;None;2007-11-03
2007-11-03 19:48:27.116426;M;10;1.0;10;1.8094810000000001;11.155861000000002;s;living_room;living_room;849;0;None;2007-11-03
2007-11-03 19:50:27.251635;M;11;1.0;11;3.16025;9.987351;s;living_room;living_room;850;1;None;2007-11-03
2007-11-03 20:06:24.911717;M;17;1.0;17;2.4203270000000003;5.919351000000001;s;kitchen;living_room;858;0;None;2007-11-03
2007-11-03 20:10:26.762772;M;17;1.0;17;4.284805;3.807237;s;kitchen;living_room;860;5;None;2007-11-03
2007-11-03 20:12:12.320054;M;17;1.0;17;2.00144;37.19231;s;kitchen;living_room;861;4;None;2007-11-03
2007-11-03 20:14:26.080656;M;2;1.0;2;3.440132;5.874452000000001;s;living_room;living_room;862;1;None;2007-11-03
2007-11-03 20:20:29.706467;M;6;1.0;6;2.063448;3.3292990000000002;s;living_room;living_room;865;0;None;2007-11-03
2007-11-03 20:30:28.744535;M;17;1.0;17;2.951163;1.671532;s;kitchen;kitchen;870;1;None;2007-11-03
2007-11-03 20:32:28.564091;M;28;1.0;28;4.14791;1.2866330000000001;s;hallway_upstairs;hallway_upstairs;871;4;None;2007-11-03
2007-11-03 20:36:27.998934;M;6;1.0;6;5.802598000000001;3.7001700000000004;s;living_room;living_room;873;1;None;2007-11-03
2007-11-03 20:38:28.911942;M;5;1.0;5;11.016024;6.9460820000000005;s;living_room;living_room;874;0;None;2007-11-03
2007-11-03 20:46:26.811861;M;7;1.0;7;4.196834;11.237598;s;living_room;living_room;878;3;None;2007-11-03
2007-11-03 20:50:20.897956;M;6;1.0;6;9.849781;10.683656000000001;s;living_room;living_room;880;1;None;2007-11-03
2007-11-03 21:00:29.388881;M;16;1.0;16;3.9410140000000005;1.6566470000000002;s;kitchen;living_room;885;0;None;2007-11-03
2007-11-03 21:02:22.736183;M;5;1.0;5;5.177596;13.355402000000002;s;living_room;living_room;886;2;None;2007-11-03
2007-11-03 21:04:28.953046;M;3;1.0;3;4.068851;10.153165000000001;s;living_room;living_room;887;3;None;2007-11-03
2007-11-03 21:06:19.929502;M;11;1.0;11;1.492064;13.079712;s;living_room;living_room;888;1;None;2007-11-03
2007-11-03 21:07:53.440268;M;5;1.0;5;1.9134700000000002;57.144131;s;living_room;living_room;889;2;None;2007-11-03
2007-11-03 21:12:25.885472;M;5;1.0;5;3.3910620000000002;7.914836;s;living_room;living_room;891;1;None;2007-11-03
2007-11-03 21:16:29.140303;M;6;1.0;6;5.1522380000000005;2.302216;s;living_room;living_room;893;5;None;2007-11-03
2007-11-03 21:18:25.424264;M;8;1.0;8;1.4470070000000002;4.552214;s;living_room;living_room;894;1;None;2007-11-03
2007-11-03 21:24:18.046427;M;5;1.0;5;3.239107;15.282419;s;living_room;living_room;897;6;None;2007-11-03
2007-11-03 21:26:18.368529;M;5;1.0;5;3.9012930000000003;15.274049000000002;s;living_room;living_room;898;2;None;2007-11-03
2007-11-03 21:30:28.021418;M;5;1.0;5;1.02271;7.156973000000001;s;living_room;living_room;900;1;None;2007-11-03
2007-11-03 21:44:28.343222;M;3;1.0;3;4.468534;9.144266;s;living_room;living_room;907;2;None;2007-11-03
2007-11-03 21:46:28.016478;M;5;1.0;5;1.5525380000000002;1.9994090000000002;s;living_room;living_room;908;1;None;2007-11-03
2007-11-03 21:48:18.009504;M;5;1.0;5;3.998952;12.651342000000001;s;living_room;living_room;909;2;None;2007-11-03
2007-11-03 21:58:27.043072;M;5;1.0;5;1.466132;8.742571;s;living_room;living_room;914;6;None;2007-11-03
2007-11-03 22:00:26.060524;M;2;1.0;2;1.5284330000000002;27.768444000000002;s;living_room;living_room;915;10;None;2007-11-03
2007-11-03 22:02:16.576663;M;9;1.0;9;2.052401;14.955681;s;living_room;living_room;916;2;None;2007-11-03
2007-11-03 22:08:28.893677;M;6;1.0;6;1.8055480000000002;4.594786;s;living_room;living_room;919;1;None;2007-11-03
2007-11-03 22:10:26.812692;M;5;1.0;5;6.254119;4.042167;s;living_room;living_room;920;4;None;2007-11-03
2007-11-03 22:12:14.518482;M;6;1.0;6;2.901205;20.464379;s;living_room;living_room;921;1;None;2007-11-03
2007-11-03 22:14:29.625736;M;7;1.0;7;1.751519;2.139421;s;living_room;living_room;922;2;None;2007-11-03
2007-11-03 22:18:16.409415;M;3;1.0;3;5.8394140000000005;18.599708;s;living_room;living_room;924;6;None;2007-11-03
2007-11-03 22:20:18.870454;M;3;1.0;3;4.686898;30.110927;s;living_room;living_room;925;2;None;2007-11-03
2007-11-03 22:26:13.700092;M;6;1.0;6;1.935461;16.551055;s;living_room;living_room;928;3;None;2007-11-03
2007-11-03 22:30:26.852395;M;6;1.0;6;1.2353880000000002;46.625456;s;living_room;living_room;930;2;None;2007-11-03
2007-11-03 22:32:27.002344;M;5;1.0;5;2.6380220000000003;6.529337000000001;s;living_room;living_room;931;1;None;2007-11-03
2007-11-03 22:34:27.633413;M;11;1.0;11;4.131548;4.382632;s;living_room;living_room;932;0;None;2007-11-03
2007-11-03 22:36:27.991436;M;10;1.0;10;1.53657;7.064546000000001;s;living_room;living_room;933;3;None;2007-11-03
2007-11-03 22:40:27.163316;M;5;1.0;5;5.953366;15.626679000000001;s;living_room;living_room;935;2;None;2007-11-03
2007-11-03 22:42:28.457465;M;11;1.0;11;2.098449;10.965042;s;living_room;living_room;936;6;None;2007-11-03
2007-11-03 22:44:28.285914;M;5;1.0;5;5.040483;2.158194;s;living_room;living_room;937;2;None;2007-11-03
2007-11-03 22:50:29.050513;M;10;1.0;10;4.370811000000001;4.592812;s;living_room;living_room;940;1;None;2007-11-03
2007-11-03 22:54:28.859937;M;5;1.0;5;13.871578000000001;2.145225;s;living_room;living_room;942;2;None;2007-11-03
2007-11-03 22:56:25.081419;M;11;1.0;11;1.999438;4.995062;s;living_room;living_room;943;1;None;2007-11-03
2007-11-03 22:58:27.119338;M;10;1.0;10;1.8581450000000002;6.584226;s;living_room;living_room;944;6;None;2007-11-03
2007-11-03 22:59:54.802099;M;10;1.0;10;2.579266;25590.617143000003;s;living_room;living_room;945;14;None;2007-11-03
2007-11-04 06:06:25.976249;M;34;1.0;34;4.547436;4.714457;s;bedroom_south;bedroom_south;946;13;None;2007-11-04
2007-11-04 07:45:56.697291;M;34;1.0;34;1.7515260000000001;160.64469300000002;s;bedroom_south;bedroom_south;958;12;None;2007-11-04
2007-11-04 07:49:01.358762;M;34;1.0;34;3.644711;661.206039;s;bedroom_south;bedroom_south;959;13;None;2007-11-04
